<?xml version="1.0"?>
<case>
<name>Effem Foods Pty Ltd v Wandella Pet Foods Pty Ltd [2006] FCA 767 (23 June 2006)</name>
<AustLII>http://www.austlii.edu.au/au/cases/cth/FCA/2006/767.html</AustLII>
<catchphrases>
<catchphrase >appeal from a decision of the registrar of trade marks to register respondent's mark "whackos" for pet food</catchphrase>
<catchphrase >whether mark substantially identical or deceptively similar to applicant's registered marks "schmackos" or "dogs go wacko for schmackos"</catchphrase>
<catchphrase >whether likelihood of deception or confusion with applicant's marks</catchphrase>
<catchphrase >whether applicant owned common law mark "go wacko"</catchphrase>
<catchphrase >trade marks</catchphrase>
<catchphrase >trade marks</catchphrase>
</catchphrases>
<sentences>
<sentence id="s0">
 Introduction 
 
1 Dog foods, like many consumer products, are given catchy names.</sentence>
<sentence id="s1">Effem Foods Pty Ltd has given its dog foods the catchy name SCHMACKOS.</sentence>
<sentence id="s2">Their dog foods have sold well.</sentence>
<sentence id="s3">Effem promotes its SCHMACKOS dog foods using the expression DOGS GO WACKO FOR SCHMACKOS.</sentence>
<sentence id="s4">Now Wandella Pet Foods Pty Ltd wants to call its dog foods WHACKOS.</sentence>
<sentence id="s5">Wandella has registered this word as a trade mark under the Trade Marks Act 1955 (Cth) ("the Act").</sentence>
<sentence id="s6">Effem unsuccessfully objected to the registration.</sentence>
<sentence id="s7">Effem argued Wandella's use of the word WHACKOS will be confusing.</sentence>
<sentence id="s8">Consumers will think Wandella's dog foods are Effem's products.</sentence>
<sentence id="s9">2 Effem continues to challenge the registration.</sentence>
<sentence id="s10">Effem appeals against the decision of a delegate of the Registrar of Trade Marks of 4 October 2005 dismissing its opposition to the registration of Wandella's trade mark WHACKOS.</sentence>
<sentence id="s11">The delegate registered the mark in respect of "food stuffs for animals" in Class 31 of the Trade Marks Register.</sentence>
<sentence id="s12">3 Effem's registered trade marks used on SCHMACKOS products include the word SCHMACKOS and the expression DOGS GO WACKO FOR SCHMACKOS.</sentence>
<sentence id="s13">Both registered marks have earlier priority dates than Wandella's mark and are also in respect of goods in Class 31.</sentence>
<sentence id="s14">The issues 
 
4 The parties addressed two issues at the hearing.</sentence>
<sentence id="s15">The first related to Effem's claim that Wandella's mark should not be registered because it is substantially identical with or deceptively similar to registered trade marks owned by Effem (SCHMACKOS and DOGS GO WACKO FOR SCHMACKOS) which concern similar goods (s 44(1) of the Act).</sentence>
<sentence id="s16">The other was Effem's claim that Wandella's mark should not to be registered as it would be likely to deceive or cause confusion because of the reputation acquired by Effem's marks (the two registered marks and an unregistered mark GO WACKO) (s 60 of the Act).</sentence>
<sentence id="s17">Is there a common law mark, GO WACKO, owned by Effem 
 
5 A convenient starting point is an aspect of Effem's case based on s 60.</sentence>
<sentence id="s18">The issue is whether there existed a common law trade mark, GO WACKO, owned by Effem.</sentence>
<sentence id="s19">Effem contended the existence and use of the mark was demonstrated in a number ways.</sentence>
<sentence id="s20">The first was by the words GO WACKO which have appeared on the back of Effem's product packaging since at least 1999.</sentence>
<sentence id="s21">Specifically, the words have appeared by themselves in a voice balloon connected to boxed text containing instructions on how to train a dog to perform a task.</sentence>
<sentence id="s22">An example is annexure A to these reasons.</sentence>
<sentence id="s23">Over time, in relation to the range of products, instructions have been provided on how to teach a dog to stay, cross the road, roll over, collect the newspaper and jump over objects.</sentence>
<sentence id="s24">6 The second way the words GO WACKO were used as a trade mark also related to the packaging.</sentence>
<sentence id="s25">Since at least as early as October 1998, the registered mark DOGS GO WACKO FOR SCHMACKOS has appeared on the lower half of the front of the packaging of SCHMACKOS products and has been applied consistently to new packaging across the SCHMACKOS range since that time.</sentence>
<sentence id="s26">An example of the packaging with the registered mark is annexure B to these reasons.</sentence>
<sentence id="s27">Effem contended that the words GO WACKO were a discrete and identifiable element of that mark, and, as such, were used as a trade mark.</sentence>
<sentence id="s28">On some packaging, the words GO WACKO were also in other expressions, such as SEND YOUR DOG WACKO WITH THIS GREAT TASTING TREAT THAT IT THINKS IS A TOY and DELICIOUS WACKO FUN.</sentence>
<sentence id="s29">The third way was in television advertising.</sentence>
<sentence id="s30">This submission was not put with any precision, but was based on the way in which phrases containing the words GO WACKO were used visually or aurally or both in television advertising.</sentence>
<sentence id="s31">7 The starting point in determining whether the words GO WACKO are a trade mark is the definition of "trade mark" in s 17 of the Act.</sentence>
<sentence id="s32">That section defines "trade mark" as a sign used to distinguish goods or services dealt with or provided in the course of trade by a person from the goods or services of another.</sentence>
<sentence id="s33">Whether a "sign" (which is defined broadly in s 6) is used in this way is to be assessed objectively, having regard to the context in which the sign is used.</sentence>
<sentence id="s34">Many of the relevant authorities were discussed by Sackville J in Pepsico Australia Pty Ltd amp; Anor (t/as Frito-Lay Australia) v Kettle Chip Co Pty Ltd (1996) 135 ALR 192 (" Pepsico ") at 209-214.</sentence>
<sentence id="s35">8 WACKO is defined in the Macquarie Dictionary (third edition) as a noun: "a person who is insane in some way; an eccentric", and as an adjective: "crazy; weird; eccentric".</sentence>
<sentence id="s36">An alternative spelling is also given, namely WHACKO.</sentence>
<sentence id="s37">The latter spelling has an additional meaning as an interjection constituting "an expression denoting pleasure, delight etc".</sentence>
<sentence id="s38">Potentially, therefore, the word (spelt WACKO or WHACKO) has a double meaning.</sentence>
<sentence id="s39">9 I am not satisfied that use of the words GO WACKO on the back of the packaging amounts to use as a trade mark.</sentence>
<sentence id="s40">In the images of the packaging in evidence (which appear to be colour photocopies) the packaging is predominantly red.</sentence>
<sentence id="s41">The words GO WACKO are white and the background colour of the voice balloon is blue.</sentence>
<sentence id="s42">The text containing the instructions appears to be black, against a bright yellow background.</sentence>
<sentence id="s43">The words GO WACKO are quite prominent on the packaging.</sentence>
<sentence id="s44">10 However, there is an obvious link, both visual and contextual, between the voice balloon and the instructions.</sentence>
<sentence id="s45">There is a graphic link from the tail of the balloon pointing towards the preamble to the instructions.</sentence>
<sentence id="s46">There is also a contextual link through the clear implication that the dog owner could go crazy or derive pleasure from trying to teach the dog the particular task.</sentence>
<sentence id="s47">The words GO WACKO in the voice balloon would be understood as part of the instructions and descriptive of the state the dog owner might attain in teaching the dog in accordance with the instructions.</sentence>
<sentence id="s48">The words would not be viewed as distinguishing the product in the packaging.</sentence>
<sentence id="s49">11 In expressing this conclusion, I have taken into account the use of the words GO WACKO in the television advertising and on the front of the packaging.</sentence>
<sentence id="s50">Both those uses are discussed in more detail later.</sentence>
<sentence id="s51">However, neither of these other uses would influence the way in which a consumer would view the words in the balloon having regard to the distinct context in which the words appear on the back of the packaging.</sentence>
<sentence id="s52">12 The next use of the words GO WACKO relied upon as use as a trade mark, is in the expression DOGS GO WACKO FOR SCHMACKOS which appears on the front of Effem's packaging.</sentence>
<sentence id="s53">It is possible for a word or words forming only part of a composite expression to be used as a trade mark.</sentence>
<sentence id="s54">Examples are found in Kolotex Glo Australia Pty Ltd v Sara Lee Personal Products (Australia) Pty Ltd (1993) 26 IPR 1 (" Kolotex ") and Wellness Pty Ltd v Pro Bio Living Waters Pty Ltd (2004) 61 IPR 242.</sentence>
<sentence id="s55">There are also cases in which a word (which is a registered trade mark) appears in an expression used by an alleged infringer where it has been held that such use does not constitute infringement.</sentence>
<sentence id="s56">Pepsico was such a case.</sentence>
<sentence id="s57">Before discussing the two authorities where words within an expression were used as trade marks, it is desirable to refer to the judgment of the High Court in Mark Foy's Ltd v Davies Coop and Company Ltd [1956] HCA 41 ; (1956) 95 CLR 190.</sentence>
<sentence id="s58">13 In that matter, the plaintiff was the owner of the registered mark "Tub Happy", in relation to goods which can generally be described as clothing.</sentence>
<sentence id="s59">The plaintiff used that mark in an expression, "Tub Happy Cottons by Mark Foy's Limited, Sydney", on the label for frocks.</sentence>
<sentence id="s60">The plaintiff sought to restrain the defendants, who were proposing to promote articles of clothing using the expression "Exacto Cotton Garments --- Tub Happy Cotton Fresh Budget Wise".</sentence>
<sentence id="s61">The plaintiff failed before the primary judge but succeeded on appeal to the High Court.</sentence>
<sentence id="s62">There were three issues in the appeal.</sentence>
<sentence id="s63">The first was whether the plaintiff's mark was registrable.</sentence>
<sentence id="s64">The second was whether the defendants were using the words "Tub Happy" as a bone fide description of the character or quality of the goods.</sentence>
<sentence id="s65">The third was whether the defendants were using "Tub Happy" as a trade mark.</sentence>
<sentence id="s66">Dixon CJ and Williams J (who gave the leading judgment) decided the three issues in the plaintiff's favour.</sentence>
<sentence id="s67">Kitto J dissented on the first issue and did not address the other two issues.</sentence>
<sentence id="s68">14 In his reasons, Williams J rejected a submission of the defendants that "Tub Happy" was not used as a trade mark by the defendants but used only descriptively as a laudatory or puffing expression to commend the goods (at 203).</sentence>
<sentence id="s69">His Honour ultimately concluded (at 205) that the defendants were advertising the words "Tub Happy" and emphasising them in relation to their own cotton garments for the purpose of indicating a connection in the course of trade between the goods and themselves.</sentence>
<sentence id="s70">His Honour indicated that the defendants' expression invited the public to purchase goods which were to be distinguished from the goods of other traders partly because of their description as "Tub Happy" goods.</sentence>
<sentence id="s71">15 I note the following about the facts of that case.</sentence>
<sentence id="s72">The words "Exacto Cotton Garments --- Tub Happy Cotton Fresh Budget Wise", particularly the words after the hyphen, did not readily form a coherent and cohesive phrase or expression.</sentence>
<sentence id="s73">The phrase "Tub Happy" was distinctive in itself, and could readily have been divorced from the surrounding words used by the defendants and viewed in isolation.</sentence>
<sentence id="s74">The words "Tub Happy" in the defendants' expression might well have been viewed in isolation by a consumer and thus as distinguishing the goods to which the whole expression had referred.</sentence>
<sentence id="s75">16 In Kolotex, the applicant was the owner of the registered trade mark SHEER RELIEF, although the registration was subject to a disclaimer of any right to the separate exclusive use to the words "sheer" and "relief".</sentence>
<sentence id="s76">For over 20 years, the applicant had successfully marketed lines of pantyhose and stockings styled "Sheer Relief".</sentence>
<sentence id="s77">Wilcox J considered whether the words "Sheer Relief", which were used by the respondent in the phrases "Sheer Relief for Active Legs" and "Sheer Relief For Active Legs That Doesn't Show" on the packaging of its products, were used as a trade mark.</sentence>
<sentence id="s78">His Honour found that the respondent had decided to market a line of pantyhose and stockings to directly compete with the "Sheer Relief" line.</sentence>
<sentence id="s79">In an infringement action, the respondent raised the defences that the use of the expression "Sheer Relief" was descriptive of the character or quality of the product and also was not use as a trade mark.</sentence>
<sentence id="s80">17 Wilcox J rejected both defences.</sentence>
<sentence id="s81">The respondent's contention that "Sheer Relief" was not used as a trade mark was rejected partly on the basis of the significance of those words in the expression which appeared on the packaging.</sentence>
<sentence id="s82">Early in his reasons, he accepted a submission of the applicant (not disputed by the respondent) that the registered mark was a pun or clever play on words.</sentence>
<sentence id="s83">The word "sheer" described the physical nature of the fabric, yet also related to the extent of relief offered.</sentence>
<sentence id="s84">It was absolute or unqualified.</sentence>
<sentence id="s85">The word "relief" conveyed a freedom from tiredness or fatigue.</sentence>
<sentence id="s86">Each word of the combination could have worked separately but also as a qualification for the other word which enhanced the meaning of both.</sentence>
<sentence id="s87">The combination did not have an exclusive meaning but displayed an attractive plurality of meanings.</sentence>
<sentence id="s88">18 Later in his reasons, Wilcox J noted that the expression "Sheer Relief for Active Legs" was used on the respondent's packaging for pantyhose three times and in such a manner as to indicate that the words "Sheer Relief" were connected in some way with the applicant's goods.</sentence>
<sentence id="s89">Wilcox J noted that the expression "Sheer Relief for Active Legs" was used twice on the packaging as a subheading appearing immediately following product titles used by the respondent.</sentence>
<sentence id="s90">Wilcox J then said (at [25] and [26]):
 
 ...</sentence>
<sentence id="s91">The phrase "Sheer Relief for Active Legs" acts as a third title or caption.</sentence>
<sentence id="s92">It does so by using two catchy and memorable words, which contain a clever double meaning and are already well-known in the trade.</sentence>
<sentence id="s93">Having regard to the evidence that the respondent set out to copy the applicant's product exactly, there can be little doubt that its intention was to appropriate, if it could, the reputation attaching to that subtitle.</sentence>
<sentence id="s94">It appears to have achieved some success in that endeavour.</sentence>
<sentence id="s95">There is evidence of two incidents, in different stores, where customers picked the respondent's product from the display shelves in the belief that it was that of the applicant.</sentence>
<sentence id="s96">
 
 The use of the additional words "for active legs" is important in considering whether the words "Sheer Relief" are used by the respondent for product identification; but, once it is concluded that they are so used, the existence of the other words cannot derogate from the conclusion that there is an infringement.</sentence>
<sentence id="s97">
 (Emphasis added) 

19 Wilcox J observed that the applicant's case for infringement was less strong where the expression "Sheer Relief For Active Legs That Doesn't Show" was not used on the front of the packaging and in conjunction with titles used to identify the respondent's goods, but rather used only on the back as a sentence above a table containing some descriptive material.</sentence>
<sentence id="s98">Nonetheless, he concluded that this expression, which he referred to as a caption, was an identifier for the product and was part of an attempt by the respondent to harness the product recognition that attached to the applicant's registered trade mark.</sentence>
<sentence id="s99">20 Wellness Pty Ltd v Pro Bio Living Waters Pty Ltd is a more recent authority.</sentence>
<sentence id="s100">It concerned the alleged infringement of the applicant's registered mark, LIVING WATER.</sentence>
<sentence id="s101">The applicant had used the mark in relation to water produced by its "Wellness water filter".</sentence>
<sentence id="s102">One of the classes in respect of which the mark was registered was Class 32, which covers "bottled water, spring and mineral water".</sentence>
<sentence id="s103">The respondent advertised, distributed and sold its bottled water by reference to "Pro-Bio Living Waters".</sentence>
<sentence id="s104">One issue was whether the expression used by the respondent constituted a single mark or two marks.</sentence>
<sentence id="s105">Bennett J concluded that the words "Living Waters" were used by the respondent as a trade mark in itself.</sentence>
<sentence id="s106">This conclusion was partly based on the way in which the expression was graphically represented.</sentence>
<sentence id="s107">Bennett J accepted the applicant's submission that "Pro-Bio" had been deliberately created as an embellished mark on bottles and signs, while "Living Waters" was more understated.</sentence>
<sentence id="s108">There were differences in font, style and size of the two components.</sentence>
<sentence id="s109">The two components performed quite distinct and separate functions.</sentence>
<sentence id="s110">"Pro-Bio" was used to identify the source of the product range.</sentence>
<sentence id="s111">"Living Waters" was used as a secondary mark in respect of the products that formed part of the respondent's Living Waters' bottled water range.</sentence>
<sentence id="s112">Bennett J concluded that "Pro-Bio" was used to denote the company that was the origin of the "Living Waters" range.</sentence>
<sentence id="s113">21 In the present case, the words said to be an unregistered trade mark, GO WACKO, appear in the expression DOGS GO WACKO FOR SCHMACKOS on the front of the packaging.</sentence>
<sentence id="s114">There is a natural connection within the entire expression between GO and WACKO and that latter word loosely rhymes with SCHMACKOS later in the expression.</sentence>
<sentence id="s115">This rhyming gives prominence to the words WACKO and SCHMACKOS particularly when spoken.</sentence>
<sentence id="s116">However the entire expression appears in a black border against a yellow background which tends to integrate the expression and focus attention on it as a whole.</sentence>
<sentence id="s117">Also the expression is significantly less prominent than the obvious indicator of the nature and source of the goods, the word SCHMACKOS, which appears elsewhere on the front of the packaging in much larger text, again in a black (and thicker) border with the bright yellow background.</sentence>
<sentence id="s118">That word tends to dominate the front of the packaging though often in association with the description of the specific product and an image of a dog.</sentence>
<sentence id="s119">I do not think the words GO WACKO in the expression on the front of the packaging would be taken to be a signifier of the source of the goods by a person looking at the packaging.</sentence>
<sentence id="s120">Again I have had regard to the repetition of the words on the back of the packaging and their use in advertising to which I now turn.</sentence>
<sentence id="s121">22 The advertising relied on by Effem was television advertising.</sentence>
<sentence id="s122">A DVD recording of twelve advertisements was tendered by Effem.</sentence>
<sentence id="s123">However, ultimately only seven of the advertisements were relied on to demonstrate, amongst other things, the use of the words GO WACKO as a trade mark.</sentence>
<sentence id="s124">The titles of the advertisements relied on were: "Vet", "Crackle 'N' Crunch", "Bath", "Tea party", "Things that go bump", "Builder's mate", "Sing" and "Be nice to cat".</sentence>
<sentence id="s125">Each of the advertisements involved a story acted out by speaking clay animation figures together with voice-overs.</sentence>
<sentence id="s126">It is unnecessary to describe each advertisement in detail, as all except "Be nice to cat" had a very similar format.</sentence>
<sentence id="s127">The six with the common format involved a story generally which developed, with minor variations, in a sequence.</sentence>
<sentence id="s128">23 There is an opening scene or scenes involving a dog and its owner which create a context in which the dog is asked to do something.</sentence>
<sentence id="s129">In the advertisements listed (excluding "Be nice to cat"), this is to submit to an examination by the vet, take a bath, participate in a child's tea party, investigate noises caused by an intruder, retrieve a dropped hammer and sing a song.</sentence>
<sentence id="s130">In each instance, the dog shows great reluctance to do the requested act.</sentence>
<sentence id="s131">A person then seeks to induce the dog to do the act by offering food but is unsuccessful.</sentence>
<sentence id="s132">The dog is then offered a SCHMACKOS product which is referred to by name in the voice-over, having the effect of highlighting the offering of a SCHMACKOS in contrast to the earlier offering.</sentence>
<sentence id="s133">The dog is then given SCHMACKOS by a person, who refers to the product as a SCHMACKOS.</sentence>
<sentence id="s134">24 An image of the packaging is then shown, generally taking the form discussed earlier in relation to the actual packaging but with the word SCHMACKOS appearing in exaggerated form.</sentence>
<sentence id="s135">The dog responds positively and vigorously and does what had been requested in an exaggerated way.</sentence>
<sentence id="s136">The advertisement concludes with a jingle sung as a voice-over, with the words DOGS GO WACKO, DOGS GO WACKO, FOR SCHMACKOS.</sentence>
<sentence id="s137">The way it is sung, the first two phrases are sung quickly, with no discernible prominence given to the words GO WACKO.</sentence>
<sentence id="s138">The word SCHMACKOS is emphasised by being drawn out and sung in an exaggerated warbling voice.</sentence>
<sentence id="s139">At about the same time, the words DOGS GO WACKO FOR SCHMACKOS appear as a superimposed graphic.</sentence>
<sentence id="s140">The "Be nice to cat" advertisement ends slightly differently, not with the jingle but with a song sung more slowly and concluding with the lines I'D GO WACKO WITHOUT SCHMACKOS AND YOU.</sentence>
<sentence id="s141">25 In the advertisements, the product being discussed and promoted and offered to the dog in the story is identified as SCHMACKOS.</sentence>
<sentence id="s142">The advertisements highlight, both aurally and visually, SCHMACKOS as the name of the product.</sentence>
<sentence id="s143">Clearly, that word would be taken by consumers as a means of identifying the goods of Effem.</sentence>
<sentence id="s144">I do not think that the words GO WACKO would be understood in the same way by a person seeing the advertisements.</sentence>
<sentence id="s145">26 I am not satisfied that any of the uses of the words GO WACKO demonstrate use as a trade mark.</sentence>
<sentence id="s146">27 There was some evidence concerning additional uses of the words GO WACKO or simply WACKO by Effem.</sentence>
<sentence id="s147">It includes photos of billboards, one of which included the word WACKO in the expression HONK IF YOUR DOG'S WACKO!</sentence>
<sentence id="s148">The extent of the billboard advertising is unclear but, in any event, it is irrelevant for the purposes of s 60 as it took place after the priority date of Wandella's mark.</sentence>
<sentence id="s149">Also in evidence were photos of in-store promotional material located on cardboard stands or vending machines containing SCHMACKOS products.</sentence>
<sentence id="s150">The words WACKO WORLD on the cardboard stands appear fairly prominently.</sentence>
<sentence id="s151">The expression CHECK OUT WACKO DOG TRICKS appears less prominently on the vending machines.</sentence>
<sentence id="s152">The evidence did not establish when the photos were taken or the extent of usage.</sentence>
<sentence id="s153">In any event, it was not clear how use of the word WACKO would demonstrate use of the words GO WACKO as a common law mark, since Effem did not contend that it owned WACKO as a common law mark.</sentence>
<sentence id="s154">There was also evidence of images of a website where the word WACKO was used in a variety of ways by Effem.</sentence>
<sentence id="s155">Again, there is no evidence that this was the form of the website before the priority date, nor is there any evidence of the extent to which the site was accessed.</sentence>
<sentence id="s156">My comments regarding the in-store promotional material apply equally to this evidence.</sentence>
<sentence id="s157">Whether WHACKOS is deceptively similar to SCHMACKOS or DOGS GO WACKO FOR SCHMACKOS 
 
28 This leads to a consideration of whether Wandella's registered mark, WHACKOS, is substantially identical with or deceptively similar to Effem's two registered marks, for the purposes of s 44 as well as s 60.</sentence>
<sentence id="s158">The deceptive similarity issue (but not substantial identicality) was raised in relation to both grounds and is essentially the same.</sentence>
<sentence id="s159">The proper approach to considering deceptive similarity is well settled.</sentence>
<sentence id="s160">It involves a comparison between Wandella's registered mark and an imperfect recollection of Effem's marks and whether there is a real and tangible danger of consumers being led to believe that Wandella's goods came from the same source as Effem's goods: Southern Cross Refrigerating Co v Toowoomba Foundry Pty Ltd [1953] HCA 73 ; (1954) 91 CLR 592 at 595.</sentence>
<sentence id="s161">29 Firstly, I consider whether Wandella's mark is deceptively similar to the SCHMACKOS mark.</sentence>
<sentence id="s162">The type of products which Wandella proposes to sell using the mark WHACKOS closely correspond with the type of products sold by Effem.</sentence>
<sentence id="s163">They are "similar goods" as required by s 44(1)(a)(i) and defined in s 14(1).</sentence>
<sentence id="s164">It can be anticipated that Wandella would use the mark selling products in the same way as Effem presently sells its SCHMACKOS products, namely, in supermarkets and pet shops where the consumer selects the products from a shelf.</sentence>
<sentence id="s165">Other methods of sale may be deployed by Wandella.</sentence>
<sentence id="s166">30 Wandella's mark WHACKOS would probably be viewed by the consumer as a made up word, as would clearly be the case with Effem's mark, SCHMACKOS.</sentence>
<sentence id="s167">I accept that there are similarities both visual and aural between the two marks, WHACKOS and SCHMACKOS.</sentence>
<sentence id="s168">Effem's submission was that Wandella's mark naturally broke into two components.</sentence>
<sentence id="s169">The first was WH, which was a soft consonant "breathed" when spoken and visually registered in the mind as soft and subservient, more a breath than a sound.</sentence>
<sentence id="s170">The second element was the ACKO, which could be treated as having two syllables (separated by a hard consonant) or a single syllable.</sentence>
<sentence id="s171">Both words involved a distinctive sounding combination, with short vowel sounds at the beginning and end separated by the hard consonants.</sentence>
<sentence id="s172">The ACKO completely dominated the total mark aurally.</sentence>
<sentence id="s173">The final S of SCHMACKOS was not significant as it was clearly a plural form.</sentence>
<sentence id="s174">It was accepted, however, that the first component SCHM was more significant visually than the shorter WH.</sentence>
<sentence id="s175">31 These submissions point to what are, in a sense, some obvious similarities.</sentence>
<sentence id="s176">However, I do not accept that Wandella's mark is deceptively similar.</sentence>
<sentence id="s177">Aurally, the SCHM of Effem's mark has two components, one being the exhaled sound and the other created by closing and opening the lips.</sentence>
<sentence id="s178">It is a comparatively complex sound to make before moving to articulate the second part of the mark, the ACKOS.</sentence>
<sentence id="s179">In aggregate, the sound of the first part is not, or at least would not ordinarily be, aurally subservient to the second part of the mark, the ACKOS.</sentence>
<sentence id="s180">In my opinion, the aural features of Effem's mark are likely to be retained and recalled by consumers.</sentence>
<sentence id="s181">There is a significant difference between these features and the aural features of Wandella's mark.</sentence>
<sentence id="s182">The first part, the WH is quickly and comparatively effortlessly articulated, moving straight to the second part.</sentence>
<sentence id="s183">In the word WHACKOS, the second part, the ACKOS, does dominate, much more so than with Effem's mark.</sentence>
<sentence id="s184">32 The same is true, in my opinion, of the marks visually.</sentence>
<sentence id="s185">That is, while there are broad similarities, Wandella's mark is materially different from Effem's mark.</sentence>
<sentence id="s186">The latter is visually more complex and the ACKOS is balanced visually by the SCHM whereas in Wandella's mark, the ACKOS dominates.</sentence>
<sentence id="s187">33 I am not satisfied that Wandella's mark is deceptively similar to Effem's mark.</sentence>
<sentence id="s188">The marks are significantly different aurally and visually notwithstanding the common second element, ACKOS.</sentence>
<sentence id="s189">These differences are likely to be noted by consumers when presented with Wandella's mark but recalling Effem's mark.</sentence>
<sentence id="s190">The points of similarity, including aural and visual similarity together with both marks appearing to be made up words with an air of frivolity, are not sufficiently great to sustain a conclusion that Wandella's mark is deceptively similar to Effem's mark, SCHMACKOS.</sentence>
<sentence id="s191">34 This leads to a similar consideration of Effem's other registered mark, DOGS GO WACKO FOR SCHMACKOS.</sentence>
<sentence id="s192">Plainly, as Effem submitted, there is a substantial similarity between Wandella's mark and a central word (WACKO) in Effem's registered mark, notwithstanding the inclusion of an H in Wandella's mark and a concluding S. The words WHACKOS and WACKO, aurally and visually, are very similar.</sentence>
<sentence id="s193">The central issue is whether the word in Effem's mark is sufficiently dominant so as to give rise to confusion of the type referred to in the authorities.</sentence>
<sentence id="s194">Effem pointed to various factors which indicate the necessary confusion arises.</sentence>
<sentence id="s195">It was submitted that in Effem's mark, the total phrase derives the whole of its force from the word WACKO.</sentence>
<sentence id="s196">That word would be viewed as having one of the two meanings discussed earlier, and probably both.</sentence>
<sentence id="s197">It was said to be such a strongly emotive term that it completely dominates the phrase.</sentence>
<sentence id="s198">Its dominance is further heightened by the onomatopoeia contained in the expression.</sentence>
<sentence id="s199">The word WACKO therefore was said to be a powerful component of Effem's mark which will be retained in the memory of the relevant consumer and will be recalled when Wandella's mark is seen.</sentence>
<sentence id="s200">35 In response, Wandella pointed to the fact that WACKO appears in a phrase with additional elements including the words DOGS and SCHMACKOS and the command GO.</sentence>
<sentence id="s201">These additional elements are emphasised both in the pronounciation and in the visual effect created by Effem's mark.</sentence>
<sentence id="s202">Also, Effem's mark is a description rather than a mere noun.</sentence>
<sentence id="s203">36 I have already discussed whether the words GO WACKO are a trade mark.</sentence>
<sentence id="s204">I discussed whether they were sufficiently prominent or distinctive to be a means of identifying Effem's products.</sentence>
<sentence id="s205">I concluded that they were not.</sentence>
<sentence id="s206">However, the present inquiry is different.</sentence>
<sentence id="s207">Those words are, in my opinion, a significant and distinctive element in Effem's registered mark, DOGS GO WACKO FOR SCHMACKOS.</sentence>
<sentence id="s208">In that mark, the word WACKO plays an important role by giving colour to the whole expression.</sentence>
<sentence id="s209">It prominently plays a role in telling consumers, in a light hearted and amusing way, their pet's attitude or response to Effem's SCHMACKOS products.</sentence>
<sentence id="s210">While Effem's mark can be spoken in a variety of ways, one ready way is to divide the mark into two parts, the first concluding with the word WACKO.</sentence>
<sentence id="s211">Spoken this way, WACKO assumes comparative significance aurally.</sentence>
<sentence id="s212">In my opinion, the word WACKO in Effem's mark is sufficiently prominent for it to be recalled by consumers as associated with Effem's products.</sentence>
<sentence id="s213">Given that it is a playful, amusing and interesting word, used prominently by Effem, its use by another trader is likely to create confusion of the requisite kind.</sentence>
<sentence id="s214">I am satisfied the word WHACKOS is deceptively similar to Effem's registered mark, DOGS GO WACKO FOR SCHMACKOS.</sentence>
<sentence id="s215">Accordingly, s 44 requires that Wandella's mark not be registered.</sentence>
<sentence id="s216">It was not suggested by Wandella that ss 44(3) or (4) were enlivened.</sentence>
<sentence id="s217">37 It is not necessary to enter the debate about whether there is a presumption of registerability.</sentence>
<sentence id="s218">It is probable that issue will shortly be considered by a Full Court: see Woolworths Ltd v BP plc [2006] FCAFC 52 (at [80] and following).</sentence>
<sentence id="s219">Even assuming the existence of the presumption, it is only that.</sentence>
<sentence id="s220">It does not displace the limits on registration created by, for present purposes, ss 33 and 44.</sentence>
<sentence id="s221">The Registrar is not authorised to register a mark if a ground for rejection is clearly demonstrated.</sentence>
<sentence id="s222">It is in this case.</sentence>
<sentence id="s223">38 I have capitalised words and phrases in this judgment for ease of writing even if, in context, the word or phrase is not capitalised.</sentence>
<sentence id="s224">CONCLUSION 
 
39 Effem has established that Wandella's mark should not be registered.</sentence>
<sentence id="s225">It has established that Wandella's mark is deceptively similar to one of its registered marks.</sentence>
<sentence id="s226">The application should be allowed.</sentence>
<sentence id="s227">I certify that the preceding thirty-nine (39) numbered paragraphs are a true copy of the Reasons for Judgment herein of the Honourable Justice Moore.</sentence>
<sentence id="s228">Associate:

Dated: 23 June 2006


 Counsel for the Applicant: R Webb QC 
 
 Solicitor for the Applicant: Baker amp; McKenzie 
 
 Counsel for the Respondent: C D Wood 
 
 Solicitor for the Respondent: JA Hennessy amp; Co 
 
 Date of Hearing: 24 April 2006 
 
 Date of Judgment: 23 June 2006 



 ANNEXURE A 



 


 ANNEXURE B 



 


 

 
 AustLII: Copyright Policy | Disclaimers | Privacy Policy | Feedback 
 URL: http://www.austlii.edu.au/au/cases/cth/FCA/2006/767.html 
 
 </sentence>
</sentences>
</case>se>ml 
 
 </sentence>
</sentences>
</case>se>