<?xml version="1.0"?>
<case>
<name>Australian Prudential Regulation Authority v Siminton (No 12) [2008] FCA 101 (21 February 2008)</name>
<AustLII>http://www.austlii.edu.au/au/cases/cth/FCA/2008/101.html</AustLII>
<catchphrases>
    <catchphrase id="c0">notice of motion on behalf of the receiver</catchphrase>
    <catchphrase id="c1">application seeking further funds to be included in the receivership, an extension of time of the receivership and for the respondent to attend for examination and file an affidavit of documents</catchphrase>
    <catchphrase id="c2">whether respondent should be excused in limine from swearing affidavit or attending for examination</catchphrase>
    <catchphrase id="c3">whether examination or affidavit of documents would expose respondent to self incrimination</catchphrase>
    <catchphrase id="c4">application granted in part</catchphrase>
    <catchphrase id="c5">" in limine objection"</catchphrase>
    <catchphrase id="c6">practice and procedure</catchphrase>
    <catchphrase id="c7">words and phrases</catchphrase>
</catchphrases>
<sentences>
<sentence id="s0">
 
1 By order made herein dated 7 November 2007 I appointed Mr Colin Nicol as receiver to deal with certain funds which had been held in the names of the respondent, the Terra Nova Cache and the Principality of Camside.</sentence>
<sentence id="s1">The circumstances in which the receiver came to be appointed are explained in my judgment in Australian Prudential Regulation Authority v Siminton (No 6) [2007] FCA 1608.</sentence>
<sentence id="s2">Mr Nicol entered on his task promptly.</sentence>
<sentence id="s3">He has discovered various funds which are additional to those which are identified in Schedule A of the order made on 7 November 2007.</sentence>
<sentence id="s4">He has also identified a large number of persons who claim to have made deposits in the Terra Nova Cache.</sentence>
<sentence id="s5">He has sought the co-operation and assistance of the respondent in identifying depositors and the whereabouts of moneys contributed by them.</sentence>
<sentence id="s6">He has received very little assistance from the respondent in response to these requests.</sentence>
<sentence id="s7">2 By an Amended Notice of Motion dated 4 February 2008 Mr Nicol seeks various orders to assist him in the performance of his duties.</sentence>
<sentence id="s8">I heard argument on the Amended Notice of Motion on 6 February 2008.</sentence>
<sentence id="s9">Following argument I indicated that I would make orders in the terms of paragraphs 1, 2 and 3 of the Amended Notice of Motion and would publish reasons for doing so at a later date.</sentence>
<sentence id="s10">I reserved judgment on whether orders in the terms proposed in paragraphs 4, 5 and 6 of the Amended Notice of Motion should be made.</sentence>
<sentence id="s11">What follows are my reasons for making orders 1 to 3 and my reasons, following further consideration, for determining that orders in the terms proposed in paragraphs 5 and 6 (with some minor variations) should be made.</sentence>
<sentence id="s12">3 The first order sought by Mr Nicol is the addition of a number of funds to those identified in Schedule A of the order which I made on 7 November 2007.</sentence>
<sentence id="s13">The evidence established, in each case, a reasonable basis for the conclusion that the source of the moneys in those funds was contributions made to the Terra Nova Cache or the Principality of Camside.</sentence>
<sentence id="s14">Counsel for the respondent did not direct any specific argument to the question of whether order 1 should or should not be made.</sentence>
<sentence id="s15">It is appropriate that the order should be made.</sentence>
<sentence id="s16">4 Proposed Order 2 sought an extension of the period of Mr Nicol's appointment to 7 April 2008.</sentence>
<sentence id="s17">Mr Nicol sought a third order extending the time within which he was required to prepare and file a report to 10 March 2008.</sentence>
<sentence id="s18">Mr Nicol deposed that he needed the additional time sought in order properly to perform his duties.</sentence>
<sentence id="s19">Counsel for the respondent did not take issue with Mr Nicol's evidence as to his reasons for requiring additional time.</sentence>
<sentence id="s20">Rather he contended that the extension should not be granted because the receiver had failed to perform his duties.</sentence>
<sentence id="s21">5 When asked to identify the duties which it was alleged that Mr Nicol had failed to perform counsel referred to three matters.</sentence>
<sentence id="s22">They were:
 
&#8226; Mr Nicol's retention of Clayton Utz, solicitors, to advise him in relation to the performance of his duties;
 
&#8226; an alleged lack of impartiality; and
 
&#8226; the making by the receiver, of what were said to be unsubstantiated and intimidatory allegations against the respondent's solicitor.</sentence>
<sentence id="s23">6 Had I been persuaded (which I was not) that any of these complaints had substance, they may have warranted the termination of the appointment of the receiver.</sentence>
<sentence id="s24">They would not have justified a refusal of an extension of time within which the receiver is required to prepare his interim report and complete the important work committed to him.</sentence>
<sentence id="s25">I will, nevertheless, deal briefly with the submissions which were made on behalf of the respondent.</sentence>
<sentence id="s26">7 The respondent's objection to the retention of solicitors to advise the receiver was, in part, founded on the assertion that the receiver should be sufficiently familiar with relevant legal issues as not to require the advice of solicitors.</sentence>
<sentence id="s27">There was also a suggestion that the use of solicitors would incur unnecessary expense.</sentence>
<sentence id="s28">A significant issue on which solicitor's advice has been sought by the receiver is one which has been raised repeatedly by the respondent, namely, whether the respondent can refuse to co-operate with the receiver by answering questions and producing documents on the ground that to do so would or might incriminate him.</sentence>
<sentence id="s29">The issue is one on which the receiver was plainly entitled to seek appropriate advice.</sentence>
<sentence id="s30">It cannot reasonably be objected that he chose to engage a firm with acknowledged expertise in advising receivers in the performance of their duties.</sentence>
<sentence id="s31">8 The allegation of a lack of impartiality on the part of the receiver was advanced on the basis of a perceived asymmetry in the manner in which the receiver dealt with the Australian Prudential Regulation Authority ("APRA") and the respondent in the course of performing his duties.</sentence>
<sentence id="s32">The receiver had sought certain information relating to depositors in the Terra Nova Cache from APRA.</sentence>
<sentence id="s33">APRA had advised the receiver that it could not provide the information because of undertakings it had given to individuals who had claimed to have made deposits.</sentence>
<sentence id="s34">APRA had advised the depositors that they should contact the receiver directly should they wish to make any claims.</sentence>
<sentence id="s35">The receiver had obtained the additional information which he had sought from APRA from third parties.</sentence>
<sentence id="s36">Counsel for the respondent contended that the receiver should have pursued APRA and required it to supply the information even though to do so would have involved APRA in a breach of the undertakings given to the depositors.</sentence>
<sentence id="s37">This failure was compared with what was said to be the receiver's pursuit of information from the respondent notwithstanding his repeated claims that he was entitled to the protection of the privilege against self incrimination.</sentence>
<sentence id="s38">9 The allegation of partisanship lacks substance.</sentence>
<sentence id="s39">The receiver respected APRA's claim that it had given undertakings which should not be breached and obtained the information which he required from other sources.</sentence>
<sentence id="s40">The receiver has also respected the respondent's privilege claims and has done nothing to override such claims.</sentence>
<sentence id="s41">What the receiver has done, on a number of occasions, has been to request the respondent to identify with precision the documents and information in respect of which the privilege claim is made and, in each case, an explanation of why it is said that the answering of questions or the production of documents would constitute an impermissible undermining of the privilege.</sentence>
<sentence id="s42">10 The unsubstantiated and intimidatory allegations which were said to be made by the receiver against the respondent's solicitor were contained in a preliminary report, made to the Court, by the receiver which is dated 3 December 2007.</sentence>
<sentence id="s43">In notes, subjoined to a table appearing in paragraph 2.2 of that document the receiver stated that two named accounts held by Technocash Pty Ltd "had been set up by Hardy Erhardt of Erhardt &amp; Associates via notification by electronic mail.".</sentence>
<sentence id="s44">This was said by counsel to amount to an allegation that Mr Erhardt had been complicit in criminal offences which had been committed by the respondent.</sentence>
<sentence id="s45">The criminal offences were said to be contraventions of ss 7 and 66 of the Banking Act 1959 (Cth) ("the Banking Act ").</sentence>
<sentence id="s46">Section 7 makes it an offence for an unauthorised person to conduct any banking business.</sentence>
<sentence id="s47">Section 66 makes it an offence for a person who "carries on a financial business" to assume or use the word "bank" in relation to such a business.</sentence>
<sentence id="s48">Technocash Pty Ltd provided a service which enabled account holders to transfer electronically funds held in their accounts.</sentence>
<sentence id="s49">Mr Siminton held an account with the trading name "Principality of Camside" into which funds received from depositors were placed.</sentence>
<sentence id="s50">The fact that Mr Erhardt had opened two other accounts with Technocash Pty Ltd at a later date can not reasonably be understood as suggesting that he played any part in assisting the respondent in the conduct of a banking business or in the misuse of the word "bank".</sentence>
<sentence id="s51">There is no substance in this contention.</sentence>
<sentence id="s52">11 The Amended Notice of Motion sought further orders that:
 
 "5.</sentence>
<sentence id="s53">[T]he Respondent file, by 4.00 pm on 13 February 2008, an affidavit: 
 
 
 
 
 (a) listing the documents relating to moneys received from members of the public for deposit in the Terra Nova Cache (" the Documents ") he has in his possession, custody or power; 
 (b) listing the Documents he once had, but now does not have, in his possession, custody or power; 
 (c) setting out, in respect of Documents referred to in sub-paragraph (b), what has become of those documents and where they are now located; and 
 (d) setting out, to the extent that he claims that any of the Documents referred to in the sub-paragraphs above are subject to a claim in respect of privilege, the basis for the claim of privilege; 
 
 
 
 
 
 6.</sentence>
<sentence id="s54">[T]he Respondent provide to the Receiver, within 7 days of a written request being made on or behalf of the Receiver, a copy of the Documents listed in the affidavit referred to in paragraph 5 above; ..." 
 

At the hearing counsel for the receiver agreed that any order founded on paragraph six should have the words "(other than documents for which privilege is claimed)" added after the word "affidiavit".</sentence>
<sentence id="s55">12 I reserved my decision on whether such orders should be made.</sentence>
<sentence id="s56">I did so in order to consider various authorities on which counsel for the respondent had relied in opposing the making of such orders.</sentence>
<sentence id="s57">13 Counsel for the receiver argued that these orders should be made because the respondent had, during the period of the receivership, failed to respond to requests made by the receiver that he provide relevant documents to the receiver.</sentence>
<sentence id="s58">In particular the receiver relied on the failure of the respondent to comply with paragraph five of the orders made on 7 November 2007 which required the respondent to provide to the receiver "all bank statements, books of accounts, receipts, invoices, correspondence or other documents in his possession, custody, power or control relating to monies received from members of the public for deposit in the Terra Nova Cache.</sentence>
<sentence id="s59">" The receiver's solicitor had written on numerous occasions to the respondent requesting that he comply with the Court's order.</sentence>
<sentence id="s60">The respondent had not done so.</sentence>
<sentence id="s61">He had, through his solicitors, made general claims that he could not be required to produce any documents because of the protection afforded him by the privilege against self incrimination.</sentence>
<sentence id="s62">In one letter the respondent acknowledged that he had three documents (bank statements) which fell within the terms of the order.</sentence>
<sentence id="s63">He also provided the receiver with a copy of documentary evidence tendered in the course of the trial of the principal proceeding in which the order appointing the receiver was made: see Australian Prudential Regulation Authority v Siminton (No 6) [2007] FCA 1608.</sentence>
<sentence id="s64">The respondent has failed to advise the receiver whether there are additional documents, which although not in his possession, are within his power or control.</sentence>
<sentence id="s65">14 Counsel for the respondent opposed the making of the proposed orders.</sentence>
<sentence id="s66">He made what he described as "an in limine objection" to the making of any order that would require the respondent to swear an affidavit of documents or discover any documents on the ground that to do so would infringe his right to protection against self incrimination.</sentence>
<sentence id="s67">15 In making the in limine objection counsel for the respondent relied on an affidavit, sworn by the respondent, in which he deposed that:
 
 "3.</sentence>
<sentence id="s68">It has been alleged that with respect to the Principality of Camside and Terra Nova Cache, I am in breach if the Banking Act , sections 7 and 66 , which are respectively an indictable offence and an offence.</sentence>
<sentence id="s69">Such allegations have already been tried herein and found proven on a civil basis, and it has been maintained by APRA, a Commonwealth instrumentality, that the right to bring criminal charges against me with respect of the alleged breaches of the relevant sections remains extant.</sentence>
<sentence id="s70">
 
 4.</sentence>
<sentence id="s71">The documents requested clearly relate to the alleged breaches of the Act and, accordingly, I object to producing the same pursuant to the right against self incrimination.</sentence>
<sentence id="s72">" 
 

It is noted that the respondent makes an in limine objection to production.</sentence>
<sentence id="s73">He does not identify the documents for which a privilege claim is made.</sentence>
<sentence id="s74">He does not explain why their production would tend to incriminate him.</sentence>
<sentence id="s75">Moreover he offers no reason why he should not be required to swear an affidavit of documents.</sentence>
<sentence id="s76">16 Counsel acknowledged that the circumstances in which an in limine objection to making an affidavit of documents, in a case such as the present, might be upheld are extremely rare.</sentence>
<sentence id="s77">He contended that the circumstances of the present case brought it within the rare exception, the existence of which was recognised by Deane J in Refrigerated Express Lines (A/asia) Pty Ltd v Australian Meat and Live Stock Corporation (1979) 42 FLR 204.</sentence>
<sentence id="s78">In Refrigerated Express Deane J held that, in a criminal proceeding or a proceeding in which the imposition of a pecuniary penalty was sought, a Court should not order a respondent to give discovery or produce documents for inspection.</sentence>
<sentence id="s79">In other forms of proceeding his Honour recognised that the general rule was that a party ought not to be excused, in limine , from giving discovery on the ground that production might tend to expose him to a penalty.</sentence>
<sentence id="s80">His Honour held that there might exist "exceptional" cases in which "the only means of protecting the right against self incrimination ... [would be] to excuse a party in limine from discovery ..." (at 211) (Emphasis added).</sentence>
<sentence id="s81">His Honour said that such cases would be "rare indeed.</sentence>
<sentence id="s82">" He said (at 211) that:
 
 "The cases where the making of an order for discovery or interrogatories will, in itself, involve exposing a party to self incrimination ... must, however, be rare indeed in view of the fact that the party will remain entitled to refuse to answer questions asked or produce documents discovered if the answers or production might tend to incriminate him or expose him to a penalty.</sentence>
<sentence id="s83">" 

Deane J's judgment was referred to in the joint judgment of Mason A.C.J., Wilson and Dawson JJ in Pyneboard Pty Ltd v Trade Practices Commission [1983] HCA 9 ; (1983) 152 CLR 328 at 336.</sentence>
<sentence id="s84">Their Honours noted that:
 
 "There [in Refrigerated Express] his Honour drew a distinction between discovery in a mere action for a penalty and discovery in an action which was not for a penalty the result of which might be used to establish a party's liability to a penalty in other proceedings (50).</sentence>
<sentence id="s85">In the first situation, the court should, in the absence of statutory provision to the contrary, refuse to make any order for discovery, production of documents or the provision of information for the reason that an intended consequence of the discovery, production of documents or provision of information is the imposition of the penalty, this being the object of the action ...</sentence>
<sentence id="s86">But in the second situation the order will be made and the party against whom the order is made may object to the production of particular documents or to the provision of particular information on the ground that it may tend to expose him to a penalty.</sentence>
<sentence id="s87">" 

17 In Microsoft Corporation v CX Computer Pty Ltd [2002] FCA 3 ; (2002) 116 FCR 372 Lindgren J reviewed a series of cases in which Deane J's decision in Refrigerated Express had been applied or followed.</sentence>
<sentence id="s88">He summarised his conclusions as follows (at 388):
 
 "Although the course of authority since Refrigerated Express is not all one way, there has been a strong disposition in a proceeding not itself concerned with the imposition of a penalty for an offence or a civil penalty, in favour of ordering discovery, reserving the issue of self incrimination to the stage of production for inspection, and also reserving liberty to apply in relation to the degree of specificity with which a document is to be described in the individual's list of documents.</sentence>
<sentence id="s89">" 

18 The present case is not one in which criminal conduct is alleged against the respondent or a civil penalty sought in respect of anything done by him.</sentence>
<sentence id="s90">Judgment was given in the principal proceeding on 26 October 2007 and the receivership order was made on 7 November 2007 following submissions as to the form of relief which should be granted.</sentence>
<sentence id="s91">The orders presently sought by the receiver, whilst being made in the proceeding, are sought to facilitate the performance of his role in remedying the mischief which the respondent has been found to have perpetrated.</sentence>
<sentence id="s92">It follows that the present circumstances are not such as to admit, in the normal case, the making of an in limine objection to an order of the kind which is being sought by the receiver.</sentence>
<sentence id="s93">19 As already noted counsel for the respondent sought to argue that the circumstances which confronted the respondent in this case were such as to bring it within the exceptional category which Deane J referred to in Refrigerated Express.</sentence>
<sentence id="s94">I invited counsel to articulate with precision the rare and exceptional circumstances which rendered the present case one which fell within the exception to the ordinary rule.</sentence>
<sentence id="s95">He submitted that his client had been found, in Siminton (No 6) , to have contravened ss 7 and 66 of the Banking Act .</sentence>
<sentence id="s96">These findings had been made on the civil standard.</sentence>
<sentence id="s97">His client apprehended that he might, at some time in the future, be charged with having committed criminal offences by contravening those provisions.</sentence>
<sentence id="s98">He contended that the mere acknowledgement by the respondent that he had in his possession, custody or control documents of the character referred to in the proposed order could be used in evidence against him in such a criminal proceeding.</sentence>
<sentence id="s99">20 I do not consider that the making of the orders sought and compliance with them would expose the respondent to self incrimination.</sentence>
<sentence id="s100">The proposed orders require no more than that the respondent swears and files an affidavit which lists documents in his possession, custody or power which relate to moneys received from members of the public for deposit in the Terra Nova Cache.</sentence>
<sentence id="s101">If there are such documents that are not in his possession, custody or power any longer he is asked to identify them and indicate (if he is able) where they are presently located.</sentence>
<sentence id="s102">The order would also require him to identify any claims of privilege he might wish to make in respect of any of these documents.</sentence>
<sentence id="s103">The orders do not require him to produce any document for which a claim of privilege is made.</sentence>
<sentence id="s104">21 What the proposed orders will achieve is substantial compliance with the requirements of paragraph five of the orders made on 7 November 2007.</sentence>
<sentence id="s105">The receiver will be made aware of whether or not the respondent holds documents which may assist the receiver in performing his duties.</sentence>
<sentence id="s106">The respondent will be able to identify any documents or any part thereof in respect of which he wishes to make a privilege claim.</sentence>
<sentence id="s107">The receiver will be appraised of the reason why the claim is made in respect of any particular documents (or part thereof).</sentence>
<sentence id="s108">22 It is possible that an issue may arise as to whether the description of a particular document or documents in the proposed affidavit might, if particularised in too much a detail, tend to expose the respondent to self incrimination.</sentence>
<sentence id="s109">If those advising him exercise care I doubt that such a problem will arise.</sentence>
<sentence id="s110">However, the orders should make provision for the respondent to have liberty to apply if such a problem arises.</sentence>
<sentence id="s111">23 The receiver sought the making of a further order under O 33 rule 13 of the Federal Court Rules that the respondent be required to attend before him for the purpose of being examined by the receiver's solicitors.</sentence>
<sentence id="s112">I was told, from the bar table, that the respondent had attended before the receiver to answer questions on 5 February 2008.</sentence>
<sentence id="s113">As I indicated at the hearing I do not consider that the making of such an order at this stage is warranted.</sentence>
<sentence id="s114">There was no evidence before the Court as to whether or not the receiver had received the assistance which he sought from the respondent during the oral examination.</sentence>
<sentence id="s115">Moreover, the making of the affidavit of documents which I have determined to order may well obviate the need for a further oral examination.</sentence>
<sentence id="s116">I specifically reserved the right of the receiver to make application for an order for oral examination at a later time should that be necessary.</sentence>
<sentence id="s117">24 I will hear the receiver and the respondent on the question of what, if any, orders should be made as to the costs of the receiver's notice of motion.</sentence>
<sentence id="s118">I certify that the preceding twenty four (24) numbered paragraphs are a true copy of the Reasons for Judgment herein of the Honourable Justice TRACEY.</sentence>
<sentence id="s119">Associate:

Dated: 21 February 2008

 Counsel for the Applicant: Ms M Vannitamby 
 
 Counsel for the Respondent: Mr D Sharp 
 
 Solicitor for the Respondent: Erhardt &amp; Associates 
 
 Solicitor for the Receiver: Clayton Utz 
 
 Date of Hearing: 6 February 2008 
 
 Date of Judgment: 21 February 2008 

 

 
 AustLII: Copyright Policy | Disclaimers | Privacy Policy | Feedback 
 URL: http://www.austlii.edu.au/au/cases/cth/FCA/2008/101.html 
 
 </sentence>
</sentences>
</case>